url,label
https://www.google.com,legitimate
https://google.com,legitimate
https://www.microsoft.com/login,legitimate
https://microsoft.com/login,legitimate
https://www.apple.com/about,legitimate
https://apple.com/about,legitimate
https://www.amazon.com/home,legitimate
https://amazon.com/home,legitimate
https://www.facebook.com/docs,legitimate
https://facebook.com/docs,legitimate
https://www.linkedin.com/pricing,legitimate
https://linkedin.com/pricing,legitimate
https://www.instagram.com/news,legitimate
https://instagram.com/news,legitimate
https://www.youtube.com/support,legitimate
https://youtube.com/support,legitimate
https://www.reddit.com/contact,legitimate
https://reddit.com/contact,legitimate
https://www.wikipedia.org/careers,legitimate
https://wikipedia.org/careers,legitimate
https://www.netflix.com/features,legitimate
https://netflix.com/features,legitimate
https://www.spotify.com/help,legitimate
https://spotify.com/help,legitimate
https://www.adobe.com/privacy,legitimate
https://adobe.com/privacy,legitimate
https://www.dropbox.com/terms,legitimate
https://dropbox.com/terms,legitimate
https://www.salesforce.com/account,legitimate
https://salesforce.com/account,legitimate
https://www.paypal.com/dashboard,legitimate
https://paypal.com/dashboard,legitimate
https://www.nike.com,legitimate
https://nike.com,legitimate
https://www.hp.com/login,legitimate
https://hp.com/login,legitimate
https://www.intel.com/about,legitimate
https://intel.com/about,legitimate
https://www.samsung.com/home,legitimate
https://samsung.com/home,legitimate
https://www.bbc.com/docs,legitimate
https://bbc.com/docs,legitimate
https://www.nytimes.com/pricing,legitimate
https://nytimes.com/pricing,legitimate
https://www.forbes.com/news,legitimate
https://forbes.com/news,legitimate
https://www.nasa.gov/support,legitimate
https://nasa.gov/support,legitimate
https://www.who.int/contact,legitimate
https://who.int/contact,legitimate
https://www.gov.uk/careers,legitimate
https://gov.uk/careers,legitimate
https://www.harvard.edu/features,legitimate
https://harvard.edu/features,legitimate
https://www.mit.edu/help,legitimate
https://mit.edu/help,legitimate
https://www.stackexchange.com/privacy,legitimate
https://stackexchange.com/privacy,legitimate
https://www.github.com/terms,legitimate
https://github.com/terms,legitimate
https://www.mozilla.org/account,legitimate
https://mozilla.org/account,legitimate
https://www.cloudflare.com/dashboard,legitimate
https://cloudflare.com/dashboard,legitimate
https://www.zoom.us,legitimate
https://zoom.us,legitimate
https://www.airbnb.com/login,legitimate
https://airbnb.com/login,legitimate
https://www.booking.com/about,legitimate
https://booking.com/about,legitimate
https://www.medium.com/home,legitimate
https://medium.com/home,legitimate
https://www.quora.com/docs,legitimate
https://quora.com/docs,legitimate
https://www.wordpress.com/pricing,legitimate
https://wordpress.com/pricing,legitimate
https://www.slack.com/news,legitimate
https://slack.com/news,legitimate
https://www.trello.com/support,legitimate
https://trello.com/support,legitimate
https://www.figma.com/contact,legitimate
https://figma.com/contact,legitimate
https://www.canva.com/careers,legitimate
https://canva.com/careers,legitimate
https://www.google.com/features,legitimate
https://google.com/features,legitimate
https://www.microsoft.com/help,legitimate
https://microsoft.com/help,legitimate
https://www.apple.com/privacy,legitimate
https://apple.com/privacy,legitimate
https://www.amazon.com/terms,legitimate
https://amazon.com/terms,legitimate
https://www.facebook.com/account,legitimate
https://facebook.com/account,legitimate
https://www.linkedin.com/dashboard,legitimate
https://linkedin.com/dashboard,legitimate
https://www.instagram.com,legitimate
https://instagram.com,legitimate
https://www.youtube.com/login,legitimate
https://youtube.com/login,legitimate
https://www.reddit.com/about,legitimate
https://reddit.com/about,legitimate
https://www.wikipedia.org/home,legitimate
https://wikipedia.org/home,legitimate
https://www.netflix.com/docs,legitimate
https://netflix.com/docs,legitimate
https://www.spotify.com/pricing,legitimate
https://spotify.com/pricing,legitimate
https://www.adobe.com/news,legitimate
https://adobe.com/news,legitimate
https://www.dropbox.com/support,legitimate
https://dropbox.com/support,legitimate
https://www.salesforce.com/contact,legitimate
https://salesforce.com/contact,legitimate
https://www.paypal.com/careers,legitimate
https://paypal.com/careers,legitimate
https://www.nike.com/features,legitimate
https://nike.com/features,legitimate
https://www.hp.com/help,legitimate
https://hp.com/help,legitimate
https://www.intel.com/privacy,legitimate
https://intel.com/privacy,legitimate
https://www.samsung.com/terms,legitimate
https://samsung.com/terms,legitimate
https://www.bbc.com/account,legitimate
https://bbc.com/account,legitimate
https://www.nytimes.com/dashboard,legitimate
https://nytimes.com/dashboard,legitimate
https://www.forbes.com,legitimate
https://forbes.com,legitimate
https://www.nasa.gov/login,legitimate
https://nasa.gov/login,legitimate
https://www.who.int/about,legitimate
https://who.int/about,legitimate
https://www.gov.uk/home,legitimate
https://gov.uk/home,legitimate
https://www.harvard.edu/docs,legitimate
https://harvard.edu/docs,legitimate
https://www.mit.edu/pricing,legitimate
https://mit.edu/pricing,legitimate
https://www.stackexchange.com/news,legitimate
https://stackexchange.com/news,legitimate
https://www.github.com/support,legitimate
https://github.com/support,legitimate
https://www.mozilla.org/contact,legitimate
https://mozilla.org/contact,legitimate
https://www.cloudflare.com/careers,legitimate
https://cloudflare.com/careers,legitimate
https://www.zoom.us/features,legitimate
https://zoom.us/features,legitimate
https://www.airbnb.com/help,legitimate
https://airbnb.com/help,legitimate
https://www.booking.com/privacy,legitimate
https://booking.com/privacy,legitimate
https://www.medium.com/terms,legitimate
https://medium.com/terms,legitimate
https://www.quora.com/account,legitimate
https://quora.com/account,legitimate
https://www.wordpress.com/dashboard,legitimate
https://wordpress.com/dashboard,legitimate
https://www.slack.com,legitimate
https://slack.com,legitimate
https://www.trello.com/login,legitimate
https://trello.com/login,legitimate
https://www.figma.com/about,legitimate
https://figma.com/about,legitimate
https://www.canva.com/home,legitimate
https://canva.com/home,legitimate
https://www.google.com/docs,legitimate
https://google.com/docs,legitimate
https://www.microsoft.com/pricing,legitimate
https://microsoft.com/pricing,legitimate
https://www.apple.com/news,legitimate
https://apple.com/news,legitimate
https://www.amazon.com/support,legitimate
https://amazon.com/support,legitimate
https://www.facebook.com/contact,legitimate
https://facebook.com/contact,legitimate
https://www.linkedin.com/careers,legitimate
https://linkedin.com/careers,legitimate
https://www.instagram.com/features,legitimate
https://instagram.com/features,legitimate
https://www.youtube.com/help,legitimate
https://youtube.com/help,legitimate
https://www.reddit.com/privacy,legitimate
https://reddit.com/privacy,legitimate
https://www.wikipedia.org/terms,legitimate
https://wikipedia.org/terms,legitimate
https://www.netflix.com/account,legitimate
https://netflix.com/account,legitimate
https://www.spotify.com/dashboard,legitimate
https://spotify.com/dashboard,legitimate
https://www.adobe.com,legitimate
https://adobe.com,legitimate
https://www.dropbox.com/login,legitimate
https://dropbox.com/login,legitimate
https://www.salesforce.com/about,legitimate
https://salesforce.com/about,legitimate
https://www.paypal.com/home,legitimate
https://paypal.com/home,legitimate
https://www.nike.com/docs,legitimate
https://nike.com/docs,legitimate
https://www.hp.com/pricing,legitimate
https://hp.com/pricing,legitimate
https://www.intel.com/news,legitimate
https://intel.com/news,legitimate
https://www.samsung.com/support,legitimate
https://samsung.com/support,legitimate
https://www.bbc.com/contact,legitimate
https://bbc.com/contact,legitimate
https://www.nytimes.com/careers,legitimate
https://nytimes.com/careers,legitimate
https://www.forbes.com/features,legitimate
https://forbes.com/features,legitimate
https://www.nasa.gov/help,legitimate
https://nasa.gov/help,legitimate
https://www.who.int/privacy,legitimate
https://who.int/privacy,legitimate
https://www.gov.uk/terms,legitimate
https://gov.uk/terms,legitimate
https://www.harvard.edu/account,legitimate
https://harvard.edu/account,legitimate
https://www.mit.edu/dashboard,legitimate
https://mit.edu/dashboard,legitimate
https://www.stackexchange.com,legitimate
https://stackexchange.com,legitimate
https://www.github.com/login,legitimate
https://github.com/login,legitimate
https://www.mozilla.org/about,legitimate
https://mozilla.org/about,legitimate
https://www.cloudflare.com/home,legitimate
https://cloudflare.com/home,legitimate
https://www.zoom.us/docs,legitimate
https://zoom.us/docs,legitimate
https://www.airbnb.com/pricing,legitimate
https://airbnb.com/pricing,legitimate
https://www.booking.com/news,legitimate
https://booking.com/news,legitimate
https://www.medium.com/support,legitimate
https://medium.com/support,legitimate
https://www.quora.com/contact,legitimate
https://quora.com/contact,legitimate
https://www.wordpress.com/careers,legitimate
https://wordpress.com/careers,legitimate
https://www.slack.com/features,legitimate
https://slack.com/features,legitimate
https://www.trello.com/help,legitimate
https://trello.com/help,legitimate
https://www.figma.com/privacy,legitimate
https://figma.com/privacy,legitimate
https://www.canva.com/terms,legitimate
https://canva.com/terms,legitimate
https://www.google.com/account,legitimate
https://google.com/account,legitimate
https://www.microsoft.com/dashboard,legitimate
https://microsoft.com/dashboard,legitimate
https://www.apple.com,legitimate
https://apple.com,legitimate
https://www.amazon.com/login,legitimate
https://amazon.com/login,legitimate
https://www.facebook.com/about,legitimate
https://facebook.com/about,legitimate
https://www.linkedin.com/home,legitimate
https://linkedin.com/home,legitimate
https://www.instagram.com/docs,legitimate
https://instagram.com/docs,legitimate
https://www.youtube.com/pricing,legitimate
https://youtube.com/pricing,legitimate
https://www.reddit.com/news,legitimate
https://reddit.com/news,legitimate
https://www.wikipedia.org/support,legitimate
https://wikipedia.org/support,legitimate
https://www.netflix.com/contact,legitimate
https://netflix.com/contact,legitimate
https://www.spotify.com/careers,legitimate
https://spotify.com/careers,legitimate
https://www.adobe.com/features,legitimate
https://adobe.com/features,legitimate
https://www.dropbox.com/help,legitimate
https://dropbox.com/help,legitimate
https://www.salesforce.com/privacy,legitimate
https://salesforce.com/privacy,legitimate
https://www.paypal.com/terms,legitimate
https://paypal.com/terms,legitimate
https://www.nike.com/account,legitimate
https://nike.com/account,legitimate
https://www.hp.com/dashboard,legitimate
https://hp.com/dashboard,legitimate
https://www.intel.com,legitimate
https://intel.com,legitimate
https://www.samsung.com/login,legitimate
https://samsung.com/login,legitimate
https://www.bbc.com/about,legitimate
https://bbc.com/about,legitimate
https://www.nytimes.com/home,legitimate
https://nytimes.com/home,legitimate
https://www.forbes.com/docs,legitimate
https://forbes.com/docs,legitimate
https://www.nasa.gov/pricing,legitimate
https://nasa.gov/pricing,legitimate
https://www.who.int/news,legitimate
https://who.int/news,legitimate
https://www.gov.uk/support,legitimate
https://gov.uk/support,legitimate
https://www.harvard.edu/contact,legitimate
https://harvard.edu/contact,legitimate
https://www.mit.edu/careers,legitimate
https://mit.edu/careers,legitimate
https://www.stackexchange.com/features,legitimate
https://stackexchange.com/features,legitimate
https://www.github.com/help,legitimate
https://github.com/help,legitimate
https://www.mozilla.org/privacy,legitimate
https://mozilla.org/privacy,legitimate
https://www.cloudflare.com/terms,legitimate
https://cloudflare.com/terms,legitimate
https://www.zoom.us/account,legitimate
https://zoom.us/account,legitimate
https://www.airbnb.com/dashboard,legitimate
https://airbnb.com/dashboard,legitimate
https://www.booking.com,legitimate
https://booking.com,legitimate
https://www.medium.com/login,legitimate
https://medium.com/login,legitimate
https://www.quora.com/about,legitimate
https://quora.com/about,legitimate
https://www.wordpress.com/home,legitimate
https://wordpress.com/home,legitimate
https://www.slack.com/docs,legitimate
https://slack.com/docs,legitimate
https://www.trello.com/pricing,legitimate
https://trello.com/pricing,legitimate
https://www.figma.com/news,legitimate
https://figma.com/news,legitimate
https://www.canva.com/support,legitimate
https://canva.com/support,legitimate
https://www.google.com/contact,legitimate
https://google.com/contact,legitimate
https://www.microsoft.com/careers,legitimate
https://microsoft.com/careers,legitimate
https://www.apple.com/features,legitimate
https://apple.com/features,legitimate
https://www.amazon.com/help,legitimate
https://amazon.com/help,legitimate
https://www.facebook.com/privacy,legitimate
https://facebook.com/privacy,legitimate
https://www.linkedin.com/terms,legitimate
https://linkedin.com/terms,legitimate
https://www.instagram.com/account,legitimate
https://instagram.com/account,legitimate
https://www.youtube.com/dashboard,legitimate
https://youtube.com/dashboard,legitimate
https://www.reddit.com,legitimate
https://reddit.com,legitimate
https://www.wikipedia.org/login,legitimate
https://wikipedia.org/login,legitimate
https://www.netflix.com/about,legitimate
https://netflix.com/about,legitimate
https://www.spotify.com/home,legitimate
https://spotify.com/home,legitimate
https://www.adobe.com/docs,legitimate
https://adobe.com/docs,legitimate
https://www.dropbox.com/pricing,legitimate
https://dropbox.com/pricing,legitimate
https://www.salesforce.com/news,legitimate
https://salesforce.com/news,legitimate
https://www.paypal.com/support,legitimate
https://paypal.com/support,legitimate
https://www.nike.com/contact,legitimate
https://nike.com/contact,legitimate
https://www.hp.com/careers,legitimate
https://hp.com/careers,legitimate
https://www.intel.com/features,legitimate
https://intel.com/features,legitimate
https://www.samsung.com/help,legitimate
https://samsung.com/help,legitimate
https://www.bbc.com/privacy,legitimate
https://bbc.com/privacy,legitimate
https://www.nytimes.com/terms,legitimate
https://nytimes.com/terms,legitimate
https://www.forbes.com/account,legitimate
https://forbes.com/account,legitimate
https://www.nasa.gov/dashboard,legitimate
https://nasa.gov/dashboard,legitimate
https://www.who.int,legitimate
https://who.int,legitimate
https://www.gov.uk/login,legitimate
https://gov.uk/login,legitimate
https://www.harvard.edu/about,legitimate
https://harvard.edu/about,legitimate
https://www.mit.edu/home,legitimate
https://mit.edu/home,legitimate
https://www.stackexchange.com/docs,legitimate
https://stackexchange.com/docs,legitimate
https://www.github.com/pricing,legitimate
https://github.com/pricing,legitimate
https://www.mozilla.org/news,legitimate
https://mozilla.org/news,legitimate
https://www.cloudflare.com/support,legitimate
https://cloudflare.com/support,legitimate
https://www.zoom.us/contact,legitimate
https://zoom.us/contact,legitimate
https://www.airbnb.com/careers,legitimate
https://airbnb.com/careers,legitimate
https://www.booking.com/features,legitimate
https://booking.com/features,legitimate
https://www.medium.com/help,legitimate
https://medium.com/help,legitimate
https://www.quora.com/privacy,legitimate
https://quora.com/privacy,legitimate
https://www.wordpress.com/terms,legitimate
https://wordpress.com/terms,legitimate
https://www.slack.com/account,legitimate
https://slack.com/account,legitimate
https://www.trello.com/dashboard,legitimate
https://trello.com/dashboard,legitimate
https://www.figma.com,legitimate
https://figma.com,legitimate
https://www.canva.com/login,legitimate
https://canva.com/login,legitimate
https://www.google.com/about,legitimate
https://google.com/about,legitimate
https://www.microsoft.com/home,legitimate
https://microsoft.com/home,legitimate
https://www.apple.com/docs,legitimate
https://apple.com/docs,legitimate
https://www.amazon.com/pricing,legitimate
https://amazon.com/pricing,legitimate
https://www.facebook.com/news,legitimate
https://facebook.com/news,legitimate
https://www.linkedin.com/support,legitimate
https://linkedin.com/support,legitimate
https://www.instagram.com/contact,legitimate
https://instagram.com/contact,legitimate
https://www.youtube.com/careers,legitimate
https://youtube.com/careers,legitimate
https://www.reddit.com/features,legitimate
https://reddit.com/features,legitimate
https://www.wikipedia.org/help,legitimate
https://wikipedia.org/help,legitimate
https://www.netflix.com/privacy,legitimate
https://netflix.com/privacy,legitimate
https://www.spotify.com/terms,legitimate
https://spotify.com/terms,legitimate
https://www.adobe.com/account,legitimate
https://adobe.com/account,legitimate
https://www.dropbox.com/dashboard,legitimate
https://dropbox.com/dashboard,legitimate
https://www.salesforce.com,legitimate
https://salesforce.com,legitimate
https://www.paypal.com/login,legitimate
https://paypal.com/login,legitimate
https://www.nike.com/about,legitimate
https://nike.com/about,legitimate
https://www.hp.com/home,legitimate
https://hp.com/home,legitimate
https://www.intel.com/docs,legitimate
https://intel.com/docs,legitimate
https://www.samsung.com/pricing,legitimate
https://samsung.com/pricing,legitimate
https://www.bbc.com/news,legitimate
https://bbc.com/news,legitimate
https://www.nytimes.com/support,legitimate
https://nytimes.com/support,legitimate
https://www.forbes.com/contact,legitimate
https://forbes.com/contact,legitimate
https://www.nasa.gov/careers,legitimate
https://nasa.gov/careers,legitimate
https://www.who.int/features,legitimate
https://who.int/features,legitimate
https://www.gov.uk/help,legitimate
https://gov.uk/help,legitimate
https://www.harvard.edu/privacy,legitimate
https://harvard.edu/privacy,legitimate
https://www.mit.edu/terms,legitimate
https://mit.edu/terms,legitimate
https://www.stackexchange.com/account,legitimate
https://stackexchange.com/account,legitimate
https://www.github.com/dashboard,legitimate
https://github.com/dashboard,legitimate
https://www.mozilla.org,legitimate
https://mozilla.org,legitimate
https://www.cloudflare.com/login,legitimate
https://cloudflare.com/login,legitimate
https://www.zoom.us/about,legitimate
https://zoom.us/about,legitimate
https://www.airbnb.com/home,legitimate
https://airbnb.com/home,legitimate
https://www.booking.com/docs,legitimate
https://booking.com/docs,legitimate
https://www.medium.com/pricing,legitimate
https://medium.com/pricing,legitimate
https://www.quora.com/news,legitimate
https://quora.com/news,legitimate
https://www.wordpress.com/support,legitimate
https://wordpress.com/support,legitimate
https://www.slack.com/contact,legitimate
https://slack.com/contact,legitimate
https://www.trello.com/careers,legitimate
https://trello.com/careers,legitimate
https://www.figma.com/features,legitimate
https://figma.com/features,legitimate
https://www.canva.com/help,legitimate
https://canva.com/help,legitimate
https://www.google.com/privacy,legitimate
https://google.com/privacy,legitimate
https://www.microsoft.com/terms,legitimate
https://microsoft.com/terms,legitimate
https://www.apple.com/account,legitimate
https://apple.com/account,legitimate
https://www.amazon.com/dashboard,legitimate
https://amazon.com/dashboard,legitimate
https://www.facebook.com,legitimate
https://facebook.com,legitimate
https://www.linkedin.com/login,legitimate
https://linkedin.com/login,legitimate
https://www.instagram.com/about,legitimate
https://instagram.com/about,legitimate
https://www.youtube.com/home,legitimate
https://youtube.com/home,legitimate
https://www.reddit.com/docs,legitimate
https://reddit.com/docs,legitimate
https://www.wikipedia.org/pricing,legitimate
https://wikipedia.org/pricing,legitimate
https://www.netflix.com/news,legitimate
https://netflix.com/news,legitimate
https://www.spotify.com/support,legitimate
https://spotify.com/support,legitimate
https://www.adobe.com/contact,legitimate
https://adobe.com/contact,legitimate
https://www.dropbox.com/careers,legitimate
https://dropbox.com/careers,legitimate
https://www.salesforce.com/features,legitimate
https://salesforce.com/features,legitimate
https://www.paypal.com/help,legitimate
https://paypal.com/help,legitimate
https://www.nike.com/privacy,legitimate
https://nike.com/privacy,legitimate
https://www.hp.com/terms,legitimate
https://hp.com/terms,legitimate
https://www.intel.com/account,legitimate
https://intel.com/account,legitimate
https://www.samsung.com/dashboard,legitimate
https://samsung.com/dashboard,legitimate
https://www.bbc.com,legitimate
https://bbc.com,legitimate
https://www.nytimes.com/login,legitimate
https://nytimes.com/login,legitimate
https://www.forbes.com/about,legitimate
https://forbes.com/about,legitimate
https://www.nasa.gov/home,legitimate
https://nasa.gov/home,legitimate
https://www.who.int/docs,legitimate
https://who.int/docs,legitimate
https://www.gov.uk/pricing,legitimate
https://gov.uk/pricing,legitimate
https://www.harvard.edu/news,legitimate
https://harvard.edu/news,legitimate
https://www.mit.edu/support,legitimate
https://mit.edu/support,legitimate
https://www.stackexchange.com/contact,legitimate
https://stackexchange.com/contact,legitimate
https://www.github.com/careers,legitimate
https://github.com/careers,legitimate
https://www.mozilla.org/features,legitimate
https://mozilla.org/features,legitimate
https://www.cloudflare.com/help,legitimate
https://cloudflare.com/help,legitimate
https://www.zoom.us/privacy,legitimate
https://zoom.us/privacy,legitimate
https://www.airbnb.com/terms,legitimate
https://airbnb.com/terms,legitimate
https://www.booking.com/account,legitimate
https://booking.com/account,legitimate
https://www.medium.com/dashboard,legitimate
https://medium.com/dashboard,legitimate
https://www.quora.com,legitimate
https://quora.com,legitimate
https://www.wordpress.com/login,legitimate
https://wordpress.com/login,legitimate
https://www.slack.com/about,legitimate
https://slack.com/about,legitimate
https://www.trello.com/home,legitimate
https://trello.com/home,legitimate
https://www.figma.com/docs,legitimate
https://figma.com/docs,legitimate
https://www.canva.com/pricing,legitimate
https://canva.com/pricing,legitimate
https://www.google.com/news,legitimate
https://google.com/news,legitimate
https://www.microsoft.com/support,legitimate
https://microsoft.com/support,legitimate
https://www.apple.com/contact,legitimate
https://apple.com/contact,legitimate
https://www.amazon.com/careers,legitimate
https://amazon.com/careers,legitimate
https://www.facebook.com/features,legitimate
https://facebook.com/features,legitimate
https://www.linkedin.com/help,legitimate
https://linkedin.com/help,legitimate
https://www.instagram.com/privacy,legitimate
https://instagram.com/privacy,legitimate
https://www.youtube.com/terms,legitimate
https://youtube.com/terms,legitimate
https://www.reddit.com/account,legitimate
https://reddit.com/account,legitimate
https://www.wikipedia.org/dashboard,legitimate
https://wikipedia.org/dashboard,legitimate
https://www.netflix.com,legitimate
https://netflix.com,legitimate
https://www.spotify.com/login,legitimate
https://spotify.com/login,legitimate
https://www.adobe.com/about,legitimate
https://adobe.com/about,legitimate
https://www.dropbox.com/home,legitimate
https://dropbox.com/home,legitimate
https://www.salesforce.com/docs,legitimate
https://salesforce.com/docs,legitimate
https://www.paypal.com/pricing,legitimate
https://paypal.com/pricing,legitimate
https://www.nike.com/news,legitimate
https://nike.com/news,legitimate
https://www.hp.com/support,legitimate
https://hp.com/support,legitimate
https://www.intel.com/contact,legitimate
https://intel.com/contact,legitimate
https://www.samsung.com/careers,legitimate
https://samsung.com/careers,legitimate
https://www.bbc.com/features,legitimate
https://bbc.com/features,legitimate
https://www.nytimes.com/help,legitimate
https://nytimes.com/help,legitimate
https://www.forbes.com/privacy,legitimate
https://forbes.com/privacy,legitimate
https://www.nasa.gov/terms,legitimate
https://nasa.gov/terms,legitimate
https://www.who.int/account,legitimate
https://who.int/account,legitimate
https://www.gov.uk/dashboard,legitimate
https://gov.uk/dashboard,legitimate
https://www.harvard.edu,legitimate
https://harvard.edu,legitimate
https://www.mit.edu/login,legitimate
https://mit.edu/login,legitimate
https://www.stackexchange.com/about,legitimate
https://stackexchange.com/about,legitimate
https://www.github.com/home,legitimate
https://github.com/home,legitimate
https://www.mozilla.org/docs,legitimate
https://mozilla.org/docs,legitimate
https://www.cloudflare.com/pricing,legitimate
https://cloudflare.com/pricing,legitimate
https://www.zoom.us/news,legitimate
https://zoom.us/news,legitimate
https://www.airbnb.com/support,legitimate
https://airbnb.com/support,legitimate
https://www.booking.com/contact,legitimate
https://booking.com/contact,legitimate
https://www.medium.com/careers,legitimate
https://medium.com/careers,legitimate
https://www.quora.com/features,legitimate
https://quora.com/features,legitimate
https://www.wordpress.com/help,legitimate
https://wordpress.com/help,legitimate
https://www.slack.com/privacy,legitimate
https://slack.com/privacy,legitimate
https://www.trello.com/terms,legitimate
https://trello.com/terms,legitimate
https://www.figma.com/account,legitimate
https://figma.com/account,legitimate
https://www.canva.com/dashboard,legitimate
https://canva.com/dashboard,legitimate
